"V1","V2","V3","V4","V5","V6","V7","V8","V9","V10","SC0_0","SC0_1","SC0_2","Intro","D1...Gender","D2...Age","D3...mindfulness","DASS.Intro","DASS_1","DASS_2","DASS_3","DASS_4","DASS_5","DASS_6","DASS_7","DASS_8","DASS_9","DASS_10","DASS_11","DASS_12","DASS_13","DASS_14","DASS_15","DASS_16","DASS_17","DASS_18","DASS_19","DASS_20","DASS_21","ESS.Intro","ESS_1","ESS_2","ESS_3","ESS_4","ESS_5","ESS_6","ESS_7","ESS_8","MWQ.Intro","MWQ_1","MWQ_2","MWQ_3","MWQ_4","MWQ_5","Mini.IPIP.Intro","Mini.IPIP_1","Mini.IPIP_2","Mini.IPIP_3","Mini.IPIP_4","Mini.IPIP_5","Mini.IPIP_6","Mini.IPIP_7","Mini.IPIP_8","Mini.IPIP_9","Mini.IPIP_10","Mini.IPIP_11","Mini.IPIP_12","Mini.IPIP_13","Mini.IPIP_14","Mini.IPIP_15","Mini.IPIP_16","Mini.IPIP_17","Mini.IPIP_18","Mini.IPIP_19","Mini.IPIP_20","PANAS.Intro","PANAS_1","PANAS_2","PANAS_3","PANAS_4","PANAS_5","PANAS_6","PANAS_7","PANAS_8","PANAS_9","PANAS_10","PANAS_11","PANAS_12","PANAS_13","PANAS_14","PANAS_15","PANAS_16","PANAS_17","PANAS_18","PANAS_19","PANAS_20","AU.Intro","AU.Brick.Timer_1","AU.Brick.Timer_2","AU.Brick.Timer_3","AU.Brick.Timer_4","AU.Brick_1_1_TEXT","AU.Brick_1_2_TEXT","AU.Brick_1_3_TEXT","AU.Brick_2_1_TEXT","AU.Brick_2_2_TEXT","AU.Brick_2_3_TEXT","AU.Brick_3_1_TEXT","AU.Brick_3_2_TEXT","AU.Brick_3_3_TEXT","AU.Brick_4_1_TEXT","AU.Brick_4_2_TEXT","AU.Brick_4_3_TEXT","AU.Brick_5_1_TEXT","AU.Brick_5_2_TEXT","AU.Brick_5_3_TEXT","AU.Brick_6_1_TEXT","AU.Brick_6_2_TEXT","AU.Brick_6_3_TEXT","AU.Brick_7_1_TEXT","AU.Brick_7_2_TEXT","AU.Brick_7_3_TEXT","AU.Brick_8_1_TEXT","AU.Brick_8_2_TEXT","AU.Brick_8_3_TEXT","AU.Brick_9_1_TEXT","AU.Brick_9_2_TEXT","AU.Brick_9_3_TEXT","AU.Brick_10_1_TEXT","AU.Brick_10_2_TEXT","AU.Brick_10_3_TEXT","AU.Shoe.Intro","AU.Shoe.Timer_1","AU.Shoe.Timer_2","AU.Shoe.Timer_3","AU.Shoe.Timer_4","AU.Shoe_1_1_TEXT","AU.Shoe_1_2_TEXT","AU.Shoe_1_3_TEXT","AU.Shoe_2_1_TEXT","AU.Shoe_2_2_TEXT","AU.Shoe_2_3_TEXT","AU.Shoe_3_1_TEXT","AU.Shoe_3_2_TEXT","AU.Shoe_3_3_TEXT","AU.Shoe_4_1_TEXT","AU.Shoe_4_2_TEXT","AU.Shoe_4_3_TEXT","AU.Shoe_5_1_TEXT","AU.Shoe_5_2_TEXT","AU.Shoe_5_3_TEXT","AU.Shoe_6_1_TEXT","AU.Shoe_6_2_TEXT","AU.Shoe_6_3_TEXT","AU.Shoe_7_1_TEXT","AU.Shoe_7_2_TEXT","AU.Shoe_7_3_TEXT","AU.Shoe_8_1_TEXT","AU.Shoe_8_2_TEXT","AU.Shoe_8_3_TEXT","AU.Shoe_9_1_TEXT","AU.Shoe_9_2_TEXT","AU.Shoe_9_3_TEXT","AU.Shoe_10_1_TEXT","AU.Shoe_10_2_TEXT","AU.Shoe_10_3_TEXT","AU.Newspaper.Intro","AU.Newspaper.Timer_1","AU.Newspaper.Timer_2","AU.Newspaper.Timer_3","AU.Newspaper.Timer_4","AU.Newspaper_1_1_TEXT","AU.Newspaper_1_2_TEXT","AU.Newspaper_1_3_TEXT","AU.Newspaper_2_1_TEXT","AU.Newspaper_2_2_TEXT","AU.Newspaper_2_3_TEXT","AU.Newspaper_3_1_TEXT","AU.Newspaper_3_2_TEXT","AU.Newspaper_3_3_TEXT","AU.Newspaper_4_1_TEXT","AU.Newspaper_4_2_TEXT","AU.Newspaper_4_3_TEXT","AU.Newspaper_5_1_TEXT","AU.Newspaper_5_2_TEXT","AU.Newspaper_5_3_TEXT","AU.Newspaper_6_1_TEXT","AU.Newspaper_6_2_TEXT","AU.Newspaper_6_3_TEXT","AU.Newspaper_7_1_TEXT","AU.Newspaper_7_2_TEXT","AU.Newspaper_7_3_TEXT","AU.Newspaper_8_1_TEXT","AU.Newspaper_8_2_TEXT","AU.Newspaper_8_3_TEXT","AU.Newspaper_9_1_TEXT","AU.Newspaper_9_2_TEXT","AU.Newspaper_9_3_TEXT","AU.Newspaper_10_1_TEXT","AU.Newspaper_10_2_TEXT","AU.Newspaper_10_3_TEXT","AU.End","ASRS.Intro","ASRS_1","ASRS_2","ASRS_3","ASRS_4","ASRS_5","ASRS_6","ASRS_7","ASRS_8","ASRS_9","ASRS_10","ASRS_11","ASRS_12","ASRS_13","ASRS_14","ASRS_15","ASRS_16","ASRS_17","ASRS_18","BRS.Intro","BRS_1","BRS_2","BRS_3","BRS_4","BRS_5","BRS_6","WDQ...Intro","WDQ._.Task_1","WDQ._.Task_2","WDQ._.Task_3","WDQ._.Task_4","WDQ._.Task_5","WDQ._.Task_6","WDQ._.Task_7","WDQ._.Task_8","WDQ._.Task_10","WDQ._.Task_11","WDQ._.Task_12","WDQ._.Task_13","WDQ._.Task_14","WDQ._.Task_15","WDQ._.Task_16","WDQ._.Task_17","WDQ._.Task_18","WDQ._.Task_19","WDQ._.Task_20","WDQ._.Task_21","WDQ._.Task_22","WDQ._.Task_24","WDQ._.Knowledge_25","WDQ._.Knowledge_26","WDQ._.Knowledge_27","WDQ._.Knowledge_28","WDQ._.Knowledge_29","WDQ._.Knowledge_30","WDQ._.Knowledge_31","WDQ._.Knowledge_32","WDQ._.Knowledge_33","WDQ._.Knowledge_34","WDQ._.Knowledge_35","WDQ._.Knowledge_36","WDQ._.Knowledge_37","WDQ._.Knowledge_38","WDQ._.Knowledge_39","WDQ._.Knowledge_40","WDQ...Social_1","WDQ...Social_2","WDQ...Social_3","WDQ...Social_4","WDQ...Social_5","WDQ...Social_6","WDQ...Social_7","WDQ...Social_8","WDQ...Social_9","WDQ...Social_10","WDQ...Social_11","WDQ...Social_12","WDQ...Social_13","WDQ...Social_14","WDQ...Social_15","WDQ...Social_17","EES...Intro","EES_1","EES_2","EES_3","EES_4","EES_5","EES_6","EES_7","EES_8","EES_9","EES_10","EES_11","EES_12","LocationLatitude","LocationLongitude","LocationAccuracy","X308","Participant_No","ASRS_A1","ASRS_A2","ASRS_A3","ASRS_A4","ASRS_A5","ASRS_A6","WDQ._.Task_9","WDQ._.Task_23","WDQ._.Knowledge_41","WDQ._.Knowledge_42","WDQ._.Knowledge_43","WDQ...Social_16","WDQ...Social_18","WDQ...Social_19","DASS_Depression","DASS_Anxiety","DASS_Stress","DASS_Depression_CAT","DASS_Anxiety_CAT","DASS_Stress_CAT","ESS","ESS_CAT","MWQ_mean","MiniIPIP_Neuroticism","MiniIPIP_Extraversion","MiniIPIP_Openness","MiniIPIP_Agreeableness","MiniIPIP_Conscientiousness","PANAS_Positive_Affect","PANAS_Negative_Affect","ASRS_ptA_num","ASRS_CAT","BRS_mean","WDQ_Autonomy","WDQ_Task_Variety","WDQ_Task_Significance","WDQ_Job_Complexity","WDQ_Information_Processing","WDQ_Problem_Solving","WDQ_Skill_Variety","WDQ_Specialization","WDQ_Social_Support","EES_Emotional_Engagement","EES_Behavioural_Engagement","EES_Cognitive_Engagement","EES_Employee_Engagement"
"R_3NWJBXIQ5rSqVGP","Default Response Set","Anonymous",105,"tjmac10@student.monash.edu","165.225.98.90",0,"2018-05-08 23:26:56","2018-05-09 00:25:35",1,453,2.6337209302326,1.4826963319887,1,"Male",37,"A few times per year or less",1,2,2,1,0,0,0,0,1,1,0,0,1,0,0,0,0,0,0,0,0,0,1,1,1,0,0,2,0,0,0,1,2,4,2,3,4,1,3,5,5,1,4,1,5,4,2,4,2,4,4,1,4,2,4,5,5,2,1,5,1,4,2,5,1,1,2,4,4,3,4,1,4,3,5,4,1,4,2,1,5.061,78.17,180.109,6,"house","buildings","gardening","layering","fencing","pavements","heigt adjustment","steps","","","","","","","","","","","","","","","",,"","",,"","",,1,5.443,105.242,180.133,2,"walking","kicking","running","display","mountain climbing","comfort","protection","safety","","","","","","","","","","","","","","","","","",,,"",,,1,5.458,172.462,180.049,6,"reading","wiping","research","fanning","rain cover","sunlight cover","decorating","stain cover","airating","blowin","","","","","","","","","","","","","","","","","","","","",1,1,2,2,2,2,2,3,2,3,3,2,3,1,1,2,2,2,2,2,1,4,5,5,5,5,4,1,2,3,3,4,3,3,2,3,4,5,4,4,4,4,3,3,4,2,3,3,3,3,4,4,3,3,2,2,4,3,4,3,4,4,4,4,3,4,4,4,4,4,3,4,3,3,4,4,5,4,2,3,3,3,1,4,4,4,4,5,4,4,5,4,5,4,5,-37.833297729492,144.96670532227,-1,,105,0,0,0,0,0,0,3,3,2,3,2,2,3,3,1,3,4,"Normal","Normal","Normal",4,"Lower Normal Daytime Sleepiness",3,2.25,2,3.5,4.5,4.5,43,17,0,"Symptoms not consistent with ADHD",4.66666666666667,2.88888888888889,4.25,3.5,3.5,2.75,3.75,3.75,3,4,16,18,18,52
"R_2uOmEG0LDoiYfFO","Default Response Set","Anonymous",106,"tjmac10@student.monash.edu","165.225.98.60",0,"2018-05-09 18:56:25","2018-05-09 19:58:35",1,495,2.8779069767442,1.479758251379,1,"Male",36,"A few times per year or less",1,2,0,1,0,1,1,0,3,0,0,2,2,1,1,0,1,0,0,1,0,0,1,0,0,0,2,1,0,0,0,1,4,3,5,5,4,1,1,3,1,3,3,2,4,1,5,5,3,3,2,2,4,2,3,1,3,3,1,2,4,4,2,3,1,2,1,3,1,4,2,1,3,5,3,3,4,4,2,1,1.457,82.82,180.019,3,"building","toy","rock","door stop","paperweight","sculpture","steps","exercise equipment","grind to sand","table","build an oven","build a bbq","build a kiln","shotput","scales","standard weight","","","","","","","",,"","",,"","",,1,1.138,29.573,180.106,4,"wear on feet","throw at politicias","beverage holder","door stop","wedge","hat","storage","musical instrument","shotput","support a table","","","","","","","","","","","","","","","",,,"",,,1,4.477,4.477,180.091,1,"read","line birdcage","use in fire","building material","compost","toilet paper","big paper plane","scrunch and throw","carpet","dropsheet","curtains","parasol","umbrella","baseball bat","pretend telescope","didgeridoo","stake","","","","","","","","","","","","","",1,1,3,3,3,4,4,2,4,4,5,4,5,2,3,4,2,2,2,3,1,3,3,2,3,2,2,1,4,4,4,4,4,5,4,4,3,4,4,5,4,3,3,3,2,2,2,4,3,3,5,4,3,2,4,3,5,4,4,3,5,4,4,5,4,5,3,4,3,4,4,4,5,5,5,4,5,4,1,3,2,3,1,2,4,4,3,4,4,4,4,4,5,5,4,-37.825302124023,144.95220947266,-1,,106,1,1,1,1,1,0,5,3,4,3,3,1,4,4,4,1,11,"Normal","Normal","Moderate",3,"Lower Normal Daytime Sleepiness",4.2,3.25,2,3.75,3.25,1.25,28,26,5,"Symptoms highly consistent with ADHD",2.5,4.22222222222222,4,3.25,3.5,4,4,4.5,3.66666666666667,3.5,13,16,18,47
"R_0k5RHisjZ7ZH9g5","Default Response Set","Anonymous",102,"tjmac10@student.monash.edu","165.225.98.94",0,"2018-05-09 20:30:10","2018-05-10 00:04:03",1,484,2.8139534883721,1.6544225890283,1,"Male",52,"Every day",1,0,0,0,0,0,0,0,0,0,0,0,0,0,0,0,1,0,1,0,0,0,1,2,1,3,2,3,0,1,1,1,5,3,4,5,6,1,5,3,2,1,5,5,2,2,1,5,5,3,2,2,5,4,4,2,1,5,1,5,1,4,1,5,1,1,1,5,2,1,3,1,4,1,4,3,1,4,1,1,2.601,177.699,180.082,17,"killing","paperweight","ornament","pounding flour","ballast","building house","paving","any other building things","brick art","a measure of weight","to secure lightweight objects","as object for studies","games involving bricks","grind it and use it instead of sand","food processor","breaking things","gar","","","","","","",,"","",,"","",,1,1.545,159.015,180.067,21,"protect foot","to throw on someone","object for defence","a housing for my phone","a measure of wealth","a thing of art","fashion accessory","play sport","hiking","weapon (kicking)","military applicatiions","a container for liquid","to house hamsters","trough for pet food","plaything for my dog","insect house","store small objects","","","","","","","","",,,"",,,1,2.883,165.241,180.019,14,"Information","lining trays","toys for my cats to rip","closing gaps in my windows","papier mache","shred them to form stuffing for my cushions","reading material for my children","sell them to get money","create art","use them to create a collage","cultural accessory when visiting foreign countries","wrap myself in  when cold","seating for a damp floor","create targets for practice","fuel for keep warm","","","","","","","","","","","","","","","",1,1,4,4,4,4,2,2,3,5,3,4,3,3,3,2,4,4,4,4,1,5,5,5,5,5,5,1,4,4,2,4,4,4,2,4,5,4,5,4,3,4,2,2,2,1,1,2,2,2,5,4,4,5,4,5,5,5,4,4,5,4,4,5,5,4,4,4,4,4,4,4,3,4,3,4,4,4,4,4,4,2,1,3,3,4,4,4,4,4,4,5,5,4,3,-37.833297729492,144.96670532227,-1,,102,1,1,1,1,0,0,4,2,4,2,4,4,3,2,1,0,1,"Normal","Normal","Normal",13,"Moderate Excessive Daytime Sleepiness",4.6,1.25,4.75,5,3,2,39,10,4,"Symptoms highly consistent with ADHD",5,3.55555555555556,4.5,2.75,4.5,4.75,4.25,4.5,3.33333333333333,4,14,16,17,47
"R_3nvEWtNHvLNxU0N","Default Response Set","Anonymous",104,"tjmac10@student.monash.edu","165.225.98.96",0,"2018-05-10 01:36:32","2018-05-10 02:04:55",1,526,3.0581395348837,1.3709999864596,1,"Male",41,"A few times per month",1,1,0,1,0,1,2,0,3,3,0,2,1,1,1,1,0,1,1,1,1,0,1,2,2,1,1,1,0,1,0,1,5,2,2,5,5,1,3,5,4,3,4,2,2,5,3,3,3,4,5,3,3,2,3,4,3,4,1,4,3,2,2,2,2,3,1,2,2,2,4,1,2,4,2,3,1,2,3,1,2.444,2.444,180.081,1,"Wall","Tower","House","Fence","Garage","Shed","BBQ","Paver","Destroy objects","Attack","Defence","","","","","","","","","","","","",,"","",,"","",,1,1.601,1.601,180.097,1,"Walk","Run","Fashion","Kick","Throw","Polish","Smell","Buy","Sell","Gift","Stretch","Jump","Wash","Dry","Clean","","","","","","","","","","",,,"",,,1,1.663,1.663,180.052,1,"Read","Tear","Recycle","Burn","Wrap","Store","Scrunch","Buy","Sell","","","","","","","","","","","","","","","","","","","","","",1,1,3,2,3,4,5,2,3,4,3,2,4,2,3,3,2,3,4,2,1,3,3,3,2,4,3,1,5,4,5,4,4,4,4,4,4,4,5,4,4,4,2,2,4,3,4,5,4,4,3,4,3,3,5,4,5,5,5,4,4,4,5,4,4,4,5,4,4,4,4,4,3,4,4,4,5,4,2,3,2,3,1,4,4,4,4,4,4,4,5,4,4,4,4,-37.810302734375,144.95440673828,-1,,104,1,0,1,1,1,0,4,4,5,5,5,2,4,3,4,6,11,"Normal","Moderate","Moderate",8,"Higher Normal Daytime Sleepiness",3.8,3,2.5,3.5,3.5,4.5,25,22,4,"Symptoms highly consistent with ADHD",3,4.22222222222222,4.25,3,3.25,4.75,4.25,4.25,4.66666666666667,4.25,16,17,16,49
"R_2WHYN46kzrKqVQh","Default Response Set","Anonymous",103,"tjmac10@student.monash.edu","175.45.116.61",0,"2018-05-11 02:09:52","2018-05-11 02:55:09",1,518,3.0116279069767,1.6436600582398,1,"Male",39,"A few times per week",1,0,3,1,2,0,2,0,1,2,3,0,0,1,2,1,0,0,1,1,1,3,1,2,1,0,0,3,0,1,0,1,3,4,2,2,5,1,5,5,1,5,5,3,5,4,2,5,5,5,4,5,5,4,4,1,3,5,1,5,2,4,1,5,1,2,1,5,5,2,4,1,3,4,5,3,2,4,4,1,2.666,167.379,180.038,3,"Building","Cement","Lego","Housing","Kiln","Blocks","Rectangular","Flooring","Walls","Fences","Heavy","Weight lifting","Alignment","Pyramids","Bricks and Mortar","Shelter","Warmth","Jobs","Pottery","","","","",,"","",,"","",,1,1.418,109.832,180.103,2,"Fashion","Protect","Wearables","Height","Grip","Warmth","Style","Leather","Fabric","Common","Performance","Counter Bearfeet","Size","Status","opp hunter gather","Hip","","","","","","","","","",,,"",,,1,3.57,114.022,180.124,7,"news","reading","paper","recyclables","properganda","murdoch","corruption","billionaires","environmental disaster","amazon","hemp","agendas","fiction","divide and conquer","old media","static","vile","biased","subjective","cunning","big brother","uninvestigative","dire","","","","","","","",1,1,4,1,1,1,2,4,2,3,1,1,2,1,1,2,4,3,4,2,1,3,2,2,2,4,2,1,5,1,3,3,3,2,3,4,3,4,4,3,5,4,4,4,2,1,1,4,2,3,5,5,5,5,5,5,5,5,5,5,3,5,5,5,5,5,3,3,4,4,5,4,5,5,5,5,4,4,3,4,3,4,1,5,5,5,5,3,3,4,5,5,5,5,5,-33.816696166992,151,-1,,103,1,0,0,0,0,1,5,3,5,5,5,3,3,4,8,10,6,"Moderate","Extremely Severe","Normal",7,"Higher Normal Daytime Sleepiness",3.2,3.75,4.25,5,4.75,2.5,43,20,2,"Symptoms not consistent with ADHD",2.5,3.22222222222222,3.5,4.25,5,5,4.5,5,5,3.5,20,15,20,55
"R_3sab7eeolbjcmPn","Default Response Set","Anonymous",303,"tjmac10@student.monash.edu","165.225.98.89",0,"2018-05-27 17:58:07","2018-05-27 18:37:56",1,386,2.2441860465116,1.2513015120091,1,"Male",26,"I have never practiced mindfulness",1,1,2,2,0,1,1,0,0,0,3,1,1,2,1,0,2,1,0,1,0,2,1,0,1,1,0,0,0,0,0,1,3,4,2,3,4,1,1,3,4,5,4,1,3,4,4,4,1,2,4,3,5,2,2,5,5,4,1,2,3,1,2,2,1,1,2,1,1,2,2,1,1,2,2,3,1,1,1,1,2.072,17.986,180.027,5,"paperweight","construction","hammer/tool","weapon","obstacle (ie minigolf)","decoration","bookend","secret space (hollowed out)","steps (if pilled)","Makeshift shelving","weight","makeshift dumbell","to hold something in place","","","","","","","","","","",,"","",,"","",,1,1.69,1.69,180.061,1,"footwear","storage","weight","bookend","doorstop","binding (laces)","flowerpot","protect wound","chew toy (dog)","","","","","","","","","","","","","","","","",,,"",,,1,2.545,80.032,180.069,5,"reading","protective mat","craft supply","'swordfight' rolling up","prop","notepad","papaer plane","hat","clean up spill","protective wrap","disguise gifts","party games","","","","","","","","","","","","","","","","","","",1,1,3,3,2,2,5,3,3,4,2,2,2,1,5,3,1,2,2,2,1,3,4,3,3,3,4,1,4,4,3,2,1,2,2,2,2,2,2,2,2,2,1,1,4,3,3,3,2,2,4,1,1,1,2,2,4,2,2,2,2,2,1,1,2,2,3,3,3,4,2,4,2,3,2,3,4,4,2,3,3,2,1,2,4,3,3,2,1,3,4,4,5,4,4,-37.810302734375,144.95440673828,-1,,303,1,1,0,0,1,0,3,2,2,4,2,2,3,2,13,3,5,"Severe","Normal","Normal",2,"Lower Normal Daytime Sleepiness",3.2,4.25,1.25,4.25,2.5,4.25,16,16,3,"Symptoms not consistent with ADHD",3.33333333333333,2.55555555555556,2,1.5,1.75,2.5,2,1.5,2.66666666666667,3.25,12,10,17,39
"R_308CsERjPr4tSrW","Default Response Set","Anonymous",311,"tjmac10@student.monash.edu","165.225.98.60",0,"2018-05-27 18:31:52","2018-05-27 19:31:49",1,481,2.796511627907,1.8094584291665,1,"Female",35,"A few times per month",1,0,0,0,0,0,0,0,0,0,0,0,0,0,0,0,0,0,0,0,0,0,1,1,1,0,1,1,0,0,0,1,2,1,3,3,4,1,3,5,4,2,4,4,5,4,2,4,4,4,4,3,3,3,4,4,2,5,1,4,1,4,1,4,1,1,1,4,4,2,3,1,2,1,1,3,1,3,1,1,2.625,178.205,180.04,23,"build a house","door stop","automatic pe","build a fence","boot scraper","","raise a chair","ornament","","raise a bed","iron","","weapon","roosting spot for a bird","","bed warmer","computer raiser","","build a kennel","rolling pin","","build a cubby","frying pan",,"stepping stones","wheel choc for a car",,"paper weight","anchor",,1,1.947,177.486,180.037,22,"shoe","gift","phone","glove","meat tenderiser","insect killer","door stop","decoration","ornament","weapon","picture frame","insect repellant (smell)","hat","gas mask","toy","concrete smoother","icing smoother","ink stamp","in","","","","","","",,,"",,,1,1.716,135.07,180.045,2,"book","toilet paper","weapon","spider killer","curtains","paper mache","wrapping paper","clean windows","clothes","bed linen","towels","craft","fire starter","recycle into new paper","bin liner","make accessories","shelter","fill kitty litter trays","protect items when moving","decorations","instrument","make into utensils","fish","","","","","","","",1,1,1,2,1,3,2,1,2,3,1,1,2,1,2,1,2,1,1,2,1,5,2,4,4,4,4,1,5,5,5,5,5,5,5,5,5,5,5,5,5,5,3,3,4,4,5,5,4,4,4,4,3,2,5,5,5,5,5,2,5,4,5,5,5,5,5,5,5,5,5,5,3,4,3,4,4,3,2,2,2,2,1,4,5,5,5,3,5,3,4,5,5,5,5,-37.810302734375,144.95440673828,-1,,311,0,0,0,0,0,0,5,3,5,5,5,2,3,2,0,0,0,"Normal","Normal","Normal",4,"Lower Normal Daytime Sleepiness",2.6,2.25,3.5,4,4.5,4,32,11,0,"Symptoms not consistent with ADHD",3.83333333333333,5,5,4,3.25,5,4,5,5,5,19,15,20,54
"R_0NZgRVdiRPUERih","Default Response Set","Anonymous",304,"tjmac10@student.monash.edu","165.225.98.59",0,"2018-05-27 19:41:26","2018-05-27 20:09:27",1,524,3.046511627907,1.4662437727178,1,"Male",26,"A few times per month",1,1,2,1,0,1,1,0,1,1,0,1,1,1,2,1,2,0,1,1,1,0,1,1,1,0,0,2,0,0,0,1,5,3,4,4,4,1,1,4,3,2,3,2,1,2,1,4,2,4,4,1,4,1,4,3,4,3,1,3,2,3,1,4,1,1,2,3,4,2,4,1,4,2,3,3,1,3,2,1,3.591,158.834,180.057,5,"Building","sitting","Crushing","decorating","bookstop","toy","holding paper down","Grinding herbs","hammering","car stop","fence","path","po","","","","","","","","","","",,"","",,"","",,1,3.788,84.913,180.08,2,"doorstop","wearing","decorating","pot plant holder","cup","bookstop","holding down items","hammer","swatting","accessory","","","","","","","","","","","","","","","",,,"",,,1,2.045,109.173,180.082,6,"fire lighter","wiping grease","wrapping food","gift wrapping","reading","puzzles","drawing","place holder","workmat","towel","booklet","decorating","swatting","weapon","protecting items","insulation","compost","gardening","Filling items","pit","","","","","","","","","","",1,1,4,4,5,2,4,3,4,4,3,4,5,2,3,4,2,4,3,3,1,4,4,5,4,3,4,1,4,4,4,4,4,4,4,4,5,5,5,5,4,4,4,4,3,3,3,4,3,5,4,4,4,4,4,5,5,4,4,4,5,4,4,4,3,4,5,5,5,5,4,4,4,4,4,5,5,4,1,4,3,3,1,4,4,4,4,3,4,4,4,5,5,4,4,-37.814895629883,144.95050048828,-1,,304,1,1,1,0,1,0,4,4,4,4,4,1,4,4,5,6,8,"Mild","Moderate","Mild",4,"Lower Normal Daytime Sleepiness",4,2,1.5,3.5,3.25,3,34,15,4,"Symptoms highly consistent with ADHD",4,4,5,4,4,4.5,4.25,3.75,4,5,16,15,18,49
"R_1B7j37ka2dLLnMd","Default Response Set","Anonymous",306,"tjmac10@student.monash.edu","165.225.98.65",0,"2018-05-27 19:08:40","2018-05-27 20:25:55",1,414,2.406976744186,1.227157672295,1,"Female",24,"I have never practiced mindfulness",1,1,1,1,1,1,1,1,1,1,2,1,1,1,1,1,1,1,0,1,0,1,1,0,0,0,3,0,0,0,2,1,4,3,3,3,4,1,3,5,3,4,5,3,4,2,4,4,4,4,4,3,4,4,4,5,4,4,1,3,4,1,3,2,1,2,1,1,2,2,4,3,1,3,2,2,2,1,2,1,5.547,159.688,180.111,12,"house","","","seat","","","table","","","lamp stand","","","flatten meat","","","flatten suitcase","","","crack nuts","","","secure flyaways","",,"door jarrer","",,"","",,1,2.537,163.907,180.077,13,"planter","garden decor","","flattener","","","keep flyaways down","","","to hang jewellery","","","to grow herbs","","","to hold a candle","","","to hold small pencils","","","birdhouse","","","decorative piece",,,"coat/clothes hanger",,,1,3.9,170.973,180.042,11,"use as fry tissue paper","","","mop up water","","","create wall decor","","","to put on the bottom of drawers","","","clean windows","","","bbq cleaner","","","use to burn fire","","","use topack fragile objects in cardboard boxes","","","keep shape of bags and shoes","","","create a floor cover","","",1,1,2,3,2,3,4,2,2,4,2,3,3,1,3,2,2,3,1,2,1,3,3,2,4,3,2,1,4,2,4,3,4,4,4,3,2,2,2,2,2,2,2,1,4,1,4,4,2,2,4,3,2,2,2,1,4,2,1,2,3,2,2,2,2,2,4,4,4,2,4,4,2,2,3,4,4,5,1,1,1,2,1,4,4,4,4,3,3,3,3,4,4,4,3,-37.810302734375,144.95440673828,-1,,306,0,1,0,0,1,0,4,2,4,2,2,1,3,4,8,6,6,"Moderate","Moderate","Normal",5,"Lower Normal Daytime Sleepiness",3.4,3.75,3.5,4.25,4.25,3.5,19,23,2,"Symptoms not consistent with ADHD",2.83333333333333,3.55555555555556,2,1.75,2.75,2.25,2,2,2,3.5,16,12,15,43
"R_1MMKoUEZ0nMJ1yG","Default Response Set","Anonymous",314,"tjmac10@student.monash.edu","108.171.134.162",0,"2018-05-27 23:21:17","2018-05-27 23:54:29",1,437,2.5406976744186,1.7315698118551,1,"Male",24,"I have never practiced mindfulness",1,0,0,0,0,1,0,0,0,0,0,0,0,0,0,0,0,0,0,0,0,0,1,0,2,0,2,3,0,0,0,1,4,4,4,4,5,1,4,5,2,2,4,5,4,5,1,2,4,5,4,1,5,4,5,5,2,2,1,2,1,4,1,4,1,1,1,4,3,1,3,1,3,1,3,3,1,4,1,1,1.327,154.984,180.097,6,"Build a house","Use as shotput","Build a wall","Use as weights","Use as weapon (throw)","Use as art","Use to hold tarp down","Use to sink yourself to bottom of pool","Use as ladder","Use as plate","Use to capture heat","Use to break window","Use as discuss","throw it","Play throwing game","use as canvas","use as support for boogie board stumps","","","","","","",,"","",,"","",,1,1.966,1.966,180.019,1,"Art","As a shoe","A hat","Scoop water","Drink from","Kick with it","use the shoelaces and make a necklace","use to hold food","Use as hammer","use as door stop","use as a bat","use as gloves","Use as target","Use as ball (throw it)","Use as ball (kick it)","","","","","","","","","","",,,"",,,1,1.341,138.871,180.076,4,"A Bat","Fire starter","Reading","Paper airplane","Paper mache","Cutting shapes out of it","A hat","Make a boat","Make a kite","Make a hammer","Make a ball","Make a telescope/ binoculars","Absorb water/ a spill","Serviette/ napkin","Tissue","","","","","","","","","","","","","","","",1,1,3,2,2,3,3,2,2,3,2,1,3,1,3,2,3,2,1,2,1,5,5,5,5,5,5,1,5,4,5,5,4,4,4,5,5,5,5,5,1,1,1,1,5,5,5,5,1,1,2,4,4,4,3,5,2,5,5,4,5,4,5,5,4,4,4,4,4,5,5,5,1,1,1,1,2,1,1,2,1,3,1,4,3,4,3,3,3,3,3,2,4,4,2,-33.859100341797,151.2001953125,-1,,314,1,0,0,0,0,0,5,4,4,4,4,1,2,4,1,0,0,"Normal","Normal","Normal",7,"Higher Normal Daytime Sleepiness",4.2,1.5,4.25,3.25,4.75,4,33,10,1,"Symptoms not consistent with ADHD",5,4.55555555555556,5,1,3.5,3.75,4.5,4.5,4,4.25,14,12,12,38
"R_NXqUKrOP9XpuXD3","Default Response Set","Anonymous",307,"tjmac10@student.monash.edu","165.225.98.65",0,"2018-05-29 19:49:17","2018-05-29 20:19:56",1,495,2.8779069767442,1.6969805426275,1,"Male",33,"A few times per year or less",1,1,1,0,0,1,0,0,0,1,0,1,1,0,0,0,0,0,1,0,0,0,1,2,1,0,2,3,0,0,0,1,4,4,5,4,5,1,2,3,2,1,5,2,3,5,1,5,3,1,2,1,5,2,4,2,1,5,1,3,2,3,1,3,1,1,2,4,4,2,3,1,2,1,5,4,1,3,1,1,1.401,173.262,180.121,6,"paper weight","building block","weapon","turn into dust","measuring standard","weight scale","door stop","substitute handbrake","colouring dye","","","","","","","","","","","","","","",,"","",,"","",,1,0,0,180.143,0,"wear it as a shoe","as a measuring standard (foot)","use the shoelaces as a rope","turn it into a glove","as a musical instrument (tap dancing style)","convert into a flower pot","hang over power lines (drug dealing)","","","","","","","","","","","","","","","","","","",,,"",,,1,1.066,63.474,180.169,5,"whack insects","toilet paper","to convey news","as a guise to hide your face (PI style)","to communicate in coded messages with someone else through the classifieds","as kindling for a fire","as insulation under clothes if cold","turn into pulp for recycling","a vehicle for influencing the masses via articles and opini","","","","","","","","","","","","","","","","","","","","","",1,1,5,3,4,2,3,3,4,5,4,2,3,2,3,2,2,4,2,4,1,5,5,5,5,5,5,1,4,4,5,5,4,4,4,4,5,5,5,5,2,3,2,2,4,3,4,5,4,5,5,4,4,3,5,4,5,4,5,4,5,4,4,4,4,5,4,4,4,5,4,5,5,4,5,4,5,5,1,1,1,4,1,3,4,4,4,4,4,3,5,5,5,5,5,-37.810302734375,144.95440673828,-1,,307,1,1,1,0,0,0,4,5,2,2,2,1,4,4,1,2,4,"Normal","Normal","Normal",8,"Higher Normal Daytime Sleepiness",4.4,1,2.25,5,2.75,2.75,34,13,3,"Symptoms not consistent with ADHD",5,4.22222222222222,5,2.25,4,4.5,4.5,4.25,3,4.25,15,16,20,51
"R_2pLxUJKtaGQmL3m","Default Response Set","Anonymous",308,"tjmac10@student.monash.edu","165.225.98.90",0,"2018-05-29 21:15:44","2018-05-29 21:54:41",1,485,2.8197674418605,1.5586258580825,1,"Male",28,"A few times per week",1,2,2,1,0,1,2,0,0,1,1,2,2,1,0,0,1,0,0,1,0,1,1,0,1,0,1,1,0,0,0,1,4,5,5,5,6,1,2,2,2,5,4,3,2,4,4,4,1,2,4,4,5,3,4,5,4,4,1,3,1,2,2,5,2,1,2,3,5,4,3,1,3,2,5,3,2,5,1,1,2.043,148.81,180.011,6,"House","Wall","shot put","lego","tower","hammer","spongebob","dice","bookend","weights","counterweight","toy","counter","weapon","figurine","paint medium","dumbell","anvil","","","","","",,"","",,"","",,1,2.206,160.979,180.104,10,"weapon","vase","hammer","storage container","string","measuring tape","bookend","spare shoe","wine holder","candle holder","weight","frisbee","paperweight","shotput","club","doll's clothes","brick","","","","","","","","",,,"",,,1,2.234,140.377,180.122,5,"hat","tshirt","kindling","paper plane","club","weapon","floor map","paper towel","towel","screen cover","creative letters","origami","paper flowers","paper bowls","fish and chip wrapper","wrapping paper","confetti","carpet","","","","","","","","","","","","",1,1,4,2,2,2,4,4,2,3,3,2,5,2,4,4,2,4,3,3,1,2,4,2,4,2,4,1,4,4,4,4,4,4,4,4,5,5,4,5,2,3,1,1,5,2,5,4,4,3,5,4,4,4,4,4,5,3,4,4,4,4,4,4,3,4,5,4,4,5,4,5,3,4,5,5,4,5,1,1,1,4,1,4,4,4,4,1,3,3,5,5,5,5,3,-37.810302734375,144.95440673828,-1,,308,1,0,0,0,1,1,3,3,3,2,4,1,5,5,6,4,8,"Mild","Mild","Mild",3,"Lower Normal Daytime Sleepiness",5,4.25,2.25,4.25,2.5,3.75,37,18,3,"Symptoms not consistent with ADHD",3,3.88888888888889,4.75,1.75,4.25,4,4,3.75,3.33333333333333,4.5,16,12,18,46
"R_3p5uZncDkkVJ5Ft","Default Response Set","Anonymous",302,"tjmac10@student.monash.edu","165.225.98.91",0,"2018-05-29 22:10:13","2018-05-29 22:55:38",1,415,2.4127906976744,1.3885325260214,1,"Female",29,"A few times per year or less",1,1,0,0,0,2,0,0,0,0,1,1,0,1,0,0,1,1,1,0,0,0,1,2,1,1,1,1,0,1,0,1,4,6,5,4,5,1,2,5,4,2,2,1,4,4,2,4,4,4,4,2,2,1,4,2,4,2,1,2,1,1,2,2,1,1,2,2,1,2,2,1,1,3,1,1,2,2,1,1,2.783,2.783,180.178,1,"build house","crush into powder and use on garden","make bbq","use as steps","paper weight","weight to hold down tarp for camping","garden edging","tv stand","bed frame","coffee table","outdoor chair","table","make outdoor stage","added to the end of foot whilst driving t","","","","","","","","","",,"","",,"","",,1,1.799,1.799,180.123,1,"protect foot","drink holder","cup","laces could be used as rope","shovel","attach sponges to ends to clean floor","great place to hide things","modified into hidden phone","throwing weapon against intruders","if leather many shoes could be used to create waterproof shelter","as a bar","","","","","","","","","","","","","","",,,"",,,1,4.35,4.35,180.142,1,"puppy training","fake newspaper to play tricks on friends","clothing","paper mixed with glue to create harder substance for bowls etc","umbrella","cleaning windows","wrapping fish n chips","wrapping presents","bottom of animal cages","protect bottomm of drawers","protect bottom of car","t.p. in the bush","","","","","","","","","","","","","","","","","","",1,1,3,3,3,5,2,2,4,4,3,3,3,2,2,2,2,3,3,3,1,3,2,3,3,2,3,1,2,2,2,2,2,2,2,2,2,2,2,2,3,3,2,2,2,2,2,2,3,4,4,4,4,4,4,4,4,4,4,2,4,2,4,4,2,4,3,4,4,4,4,3,4,4,4,5,5,5,1,1,1,2,1,2,2,2,2,4,2,4,4,1,2,2,2,-37.810302734375,144.95440673828,-1,,302,1,1,1,1,0,0,2,4,4,4,4,1,4,4,6,0,3,"Mild","Normal","Normal",7,"Higher Normal Daytime Sleepiness",4.8,2.5,2,2.5,4.25,3.5,15,16,4,"Symptoms highly consistent with ADHD",2.66666666666667,2,2,2.5,4,4,3,3.5,4,3.75,8,14,7,29
"R_3D7tdpcqlv5N3M0","Default Response Set","Anonymous",305,"tjmac10@student.monash.edu","1.152.105.152",0,"2018-05-30 00:29:44","2018-05-30 01:19:02",1,491,2.8546511627907,1.4855370562316,1,"Male",29,"A few times per week",1,1,0,0,0,1,0,0,1,0,0,1,1,0,1,0,0,0,1,0,0,0,1,1,1,0,2,2,0,1,1,1,3,3,3,3,4,1,2,4,5,2,3,3,5,4,1,3,2,4,4,2,4,3,4,4,2,4,1,4,1,3,1,3,1,1,1,3,4,1,4,1,4,2,4,4,1,4,1,1,1.647,171.948,180.138,38,"House","Wall","","Fence","Barbecue","","Path","Foundations","","Breaking things","Chair","","Table","Factory","","Crushing into sand","Balancing a scale","","Filling a hole","Protecting from flood","","Fireplace","Stopping a car from rolling down a hill",,"D","",,"","",,1,1.576,179.3,180.1,42,"Feet","Reuse for other leather products","","Door stop","Making a room smell bad","","Decoration","Modelling","","Hiding things inside the shoe","Walking","","Dancing","Running","","Keeping warm","Swatting flies","","Keeping paper flat","Paper weight","","Throwing at someth9ng","","","",,,"",,,1,1.427,179.209,180.138,50,"Reading","Fish n chips","","Fire","Wrapping paper","","Protecting fragile stuff","Cleaning broken glass","","Cleaning windkws","Cleaning stainless sleet","","Wiping up mess","Wrapping food","","Swatting flies","Stabilising a wobbly table","","Curtains","Informing the nation","","Advertising","Propaganda","","Love letters","Secret communication","","","","",1,1,3,2,2,2,5,4,3,3,2,3,3,3,3,2,2,3,3,3,1,4,4,3,3,4,4,1,5,5,5,5,4,5,5,5,4,4,4,4,5,3,2,2,4,3,5,4,3,4,5,4,4,4,4,4,5,4,4,4,4,3,4,4,4,4,4,4,5,4,4,4,4,4,4,4,4,4,4,4,4,4,1,4,4,4,4,2,3,3,4,4,4,4,3,-37.766693115234,144.96670532227,-1,,305,1,0,0,0,1,1,5,4,4,4,4,4,4,4,1,0,6,"Normal","Normal","Normal",8,"Higher Normal Daytime Sleepiness",3.2,1.75,2.5,3.5,4.25,4.25,37,11,3,"Symptoms not consistent with ADHD",3.66666666666667,4.88888888888889,4,3,4.25,4.25,3.75,4,4,4.25,16,12,15,43
"R_1GBVOQgHSRMKQ7n","Default Response Set","Anonymous",309,"tjmac10@student.monash.edu","175.45.116.64",0,"2018-05-30 03:18:34","2018-05-31 18:14:36",1,512,2.9767441860465,1.6891587178068,1,"Male",27,"A few times per year or less",1,3,0,1,0,1,0,1,1,0,0,2,3,2,1,1,1,1,0,1,0,1,1,0,0,0,0,1,0,0,0,1,1,4,4,3,5,1,4,5,2,5,4,4,4,3,4,5,5,5,4,2,5,5,5,5,5,4,1,4,3,2,2,1,2,2,2,3,2,3,3,3,2,2,4,4,2,2,2,1,1.627,151.262,180.073,11,"Paperweight","Pillow","","Construction block","","","Weapon","","","Uncomfortable Foot protection","","","Window-breaker","","","Children's toy","","","Stepping Stone","","","Furniture riser","",,"Found Object Art","",,"Fashion Accessory","",,1,161.971,161.971,180.043,1,"Fly Swatter","Flower Vase","Improvised Frisbee","Necklace","Doorstop","Percussive Striker (like a broad drumstick)","Carpet protector for a chair/table leg","Drinking Cup","Hand warmer (if really desparate)","Fascinator","","","","","","","","","","","","","","","",,,"",,,1,0.038,84.856,180.046,2,"Shoe Polish Carpet Protector","Origami Aid","Wallpaper","Window covering","Toilet Paper","Scrunch into balls to play games","Folded to prop a door open","Paper Mache","Costume fabric","Fan","Napkin","Bib","Food wrapping","","","","","","","","","","","","","","","","","",1,1,2,2,1,2,3,4,1,2,1,2,3,1,2,5,4,4,2,3,1,3,3,3,3,4,3,1,5,5,5,5,5,5,5,5,5,5,5,5,5,4,2,4,3,4,4,5,2,2,5,5,5,4,5,5,5,5,5,5,5,5,5,5,5,5,4,5,5,5,4,5,3,4,4,5,5,5,2,4,2,3,1,5,4,5,5,5,5,4,4,5,5,5,5,-33.859100341797,151.2001953125,-1,,309,0,0,0,0,0,1,5,2,4,2,4,2,3,4,7,3,10,"Moderate","Normal","Moderate",1,"Lower Normal Daytime Sleepiness",3.4,4,4.5,4.5,4.75,3.5,27,23,1,"Symptoms not consistent with ADHD",3.16666666666667,5,5,3.75,4.75,5,5,5,3.66666666666667,4.75,19,18,20,57
"R_12LnevJIXAX6Gwv","Default Response Set","Anonymous",310,"tjmac10@student.monash.edu","165.225.98.64",0,"2018-05-31 20:06:00","2018-06-01 01:17:51",1,518,3.0116279069767,1.3933357344604,1,"Female",34,"I have never practiced mindfulness",1,3,3,1,0,2,1,0,1,0,1,3,2,1,1,0,1,0,1,0,0,0,1,2,1,1,3,2,1,3,1,1,3,4,5,5,5,1,4,5,5,3,4,4,3,5,4,4,4,5,4,3,4,3,4,3,4,4,1,4,2,3,3,1,1,2,3,3,1,3,1,1,3,1,4,3,4,2,2,1,2.114,167,180.134,16,"Housing","Building","Art","protection","support","weight","Literature","Story line","Step","height","","","","","","","","","","","","","",,"","",,"","",,1,1.357,174.674,180.151,5,"Style support","an outfit","An accessory","phone","height","design idea","fashion show","artwork","walking","running","story line","weapon","protection","doorstop","fly swat","gardening","punishment","frisbee","drinking glass","soup bowl","expression","","","","",,,"",,,1,1.275,1.275,180.119,1,"Artwork","insulation","reading material","storyline","wrapping paper","fly swat","paper mache","umbrella","light a fire","blanket","news","hooroscopes","a bat","a ball","a weapon","gardening","protection","","","","","","","","","","","","","",1,1,3,2,3,5,5,3,3,2,3,4,3,2,4,4,3,3,4,3,1,3,4,2,2,2,4,1,5,3,4,5,3,4,4,4,4,5,5,5,3,4,4,3,4,4,5,4,4,4,4,4,4,4,5,4,4,5,5,4,4,4,4,5,4,4,4,4,4,4,4,4,4,4,4,5,5,4,1,1,1,4,1,4,3,4,3,4,4,2,4,4,4,3,4,-37.810302734375,144.95440673828,-1,,310,1,0,1,1,1,0,3,4,4,4,4,1,4,5,6,3,12,"Mild","Normal","Moderate",14,"Moderate Excessive Daytime Sleepiness",4.4,3.5,3.75,4,4.25,4.25,25,22,4,"Symptoms highly consistent with ADHD",2.83333333333333,3.88888888888889,4.75,3.5,4,4.5,4.25,4.25,4,4,14,14,15,43
"R_6zY14leMHCa4aYN","Default Response Set","Anonymous",312,"tjmac10@student.monash.edu","49.199.131.223",0,"2018-06-04 02:26:11","2018-06-04 02:49:01",1,475,2.7616279069767,1.2915079001147,1,"Male",34,"A few times per year or less",1,1,0,1,0,1,1,0,0,1,0,0,1,0,1,0,1,0,0,0,0,0,1,3,3,3,2,2,1,1,2,1,5,4,4,4,4,1,3,5,4,4,4,2,4,4,2,3,3,4,3,3,4,3,4,4,3,4,1,3,1,3,2,3,1,1,2,3,3,1,4,1,3,2,3,4,2,3,1,1,1.187,167.791,180.017,29,"Building a house","","","Blocking","","","Anchoring","","","As a destructible object","","","As a weight","","","To hit something with","","","Building a wall","","","As a door stop","",,"","",,"","",,1,1.47,174.562,180.043,30,"To wear","","","As a dogs toy","","","To hit something with","","","To display","","","To show off","","","To kick with","","","To help run faster","","","To help jump higher","","","To kill insects",,,"To",,,1,1.535,174.534,180.098,29,"To read","","","To make a hat","","","To roll and up and gently hit a pet as discipline","","","To fold into various things","","","To clean moisture off glass","","","To protect surfaces when painting","","","To wrap items to keep them from damage","","","To use in a box of items as cushioning","","","","","","","","",1,1,2,3,2,3,4,3,2,4,2,2,2,2,4,2,3,3,2,2,1,4,4,4,4,4,4,1,4,4,4,4,4,4,4,4,2,3,3,3,3,4,2,2,3,3,3,4,4,3,4,2,2,3,5,3,5,3,4,3,3,3,3,3,3,3,4,5,4,5,3,5,4,5,3,3,4,3,2,2,2,3,1,4,4,4,4,4,4,3,3,3,4,4,4,-37.828598022461,145.00769042969,-1,,312,0,1,0,0,1,0,4,3,4,3,4,2,3,3,3,1,4,"Normal","Normal","Normal",17,"Severe Excessive Daytime Sleepiness",4.2,3,2.75,3.75,4.25,3.75,32,14,2,"Symptoms not consistent with ADHD",4,4,2.75,2.75,2.75,4,3.25,3,3.33333333333333,4.5,16,14,15,45
"R_2tKUWcE6S8i1Pnw","Default Response Set","Anonymous",313,"tjmac10@student.monash.edu","175.45.116.106",0,"2018-06-06 07:16:59","2018-06-06 08:23:04",1,458,2.6627906976744,1.6266096130078,1,"Male",23,"A few times per week",1,1,1,1,0,1,0,0,1,0,0,1,0,1,0,1,0,0,0,0,0,0,1,1,1,0,0,0,0,1,0,1,2,1,3,4,1,1,4,5,3,1,4,4,4,5,2,5,3,4,5,1,5,4,4,5,3,5,1,4,1,5,2,4,2,1,1,4,5,2,4,1,5,3,5,5,1,3,1,1,1.497,123.167,180.098,4,"construction","weight","wall","brick oven","toy for kids","garden marker","brake for trailer","unit of measurement","try square","bug killer","step for height","stepping stone","weapon","","","","","","","","","","",,"","",,"","",,1,1.692,87.357,180.108,2,"clothing","bug killer","unit of measurement","currency","warmth","protection","dog toy","throwing toy","phone (get smart)","decoration","door stop","paper weight","","","","","","","","","","","","","",,,"",,,1,0.922,59.674,180.078,2,"Information","Channel for news","Reading","Puppy flooring","Protection for glass","Paper mache","Origami","Bug killer","Unit of measurement","Currency","Propaganda","Opinion sharing","Selling goods","Advertising jobs","Advertising garage sales","Kindling","Shade","","","","","","","","","","","","","",1,1,2,1,1,1,4,3,2,3,1,1,2,2,4,1,2,1,1,2,1,5,4,5,5,4,5,1,4,4,3,3,4,2,4,4,3,2,3,3,4,3,3,3,4,2,3,4,4,4,4,2,4,2,5,4,4,4,5,4,5,4,5,4,3,5,5,5,4,5,4,4,4,4,5,3,4,3,2,2,2,5,1,4,3,4,3,4,2,3,5,4,5,4,4,-33.833206176758,151.0198059082,-1,,313,0,0,0,0,1,0,4,4,4,3,5,2,5,5,3,2,3,"Normal","Normal","Normal",3,"Lower Normal Daytime Sleepiness",2.2,1.75,3.75,4.75,4.25,4.5,44,15,1,"Symptoms not consistent with ADHD",4.66666666666667,3.55555555555556,2.75,3.25,3,4.25,4.5,4.25,4.33333333333333,4.75,14,14,17,45
"R_1MZkJLjN6qk2LW3","Default Response Set","Anonymous",315,"tjmac10@student.monash.edu","165.225.98.61",0,"2018-06-07 19:01:11","2018-06-07 19:38:03",1,499,2.9011627906977,1.6495963841662,1,"Female",35,"A few times per year or less",1,1,0,0,1,0,1,0,1,1,0,1,1,0,0,0,0,0,0,1,0,0,1,0,1,0,0,2,0,0,0,1,1,3,3,3,4,1,4,5,5,4,2,5,5,5,2,2,5,5,5,2,2,5,5,5,2,2,1,4,2,3,2,4,1,1,1,3,5,3,5,1,4,2,4,4,1,2,1,1,2.223,77.831,180.085,3,"Build a house","Throw at someone","Stand on to be taller","Make a mud pie on it","Crush it","line a pathway","write with it","create an ants nest","light fire on it","rub paper on it to get the red colour","protect something small","hold down sheet","keep a tarp down from the wind","fence something in","block a hole in the floor or wall","stub your toe","wipe animal dropping","scratch jewellry","threaten someone","wipe th ebottom of your shoe","give it as a gift","find it","",,"","",,"","",,1,0.264,5.369,180.063,2,"protect feet","cover socks","go walking","go to work","throw ar someone","plant a tree in it","put it on display","collect them","use the laces as string","give as a gift","tiny people can live in it","create costume","create dolls clothes","cut it up and use the leather","dog chew toy","be taller","fashion statement","warmth","protect a sore toe","keep the rain off your head","protect a plant from the rain","hold down a tarp","scare someone with the smell","fill it with water for an animal to drink from","",,,"",,,1,1.245,169.896,180.109,5,"read","be informed","protect from the rain","make origami","make jewellry designs","find businesses to meet a need","find randome numbers to call","cut out words to write letters","swat a fly","throw at someone","whack someone","get recepies","find love","wipe mess up with it","protect a table","use it for creative arts","draw on it","get ink on your hands","give it as a gift","protect a new hair style","wrap up a body with it","lay it on the ground","plant a garden on it","recycle it","write an article to put in it","clean shoes with it","wrap presents","Pack a house with it","protect glassware","burn it",1,1,2,1,1,3,2,3,3,3,2,2,3,2,2,2,5,4,3,3,1,5,4,3,3,4,4,1,5,5,5,4,5,4,5,4,4,4,4,5,4,3,2,2,4,4,4,4,3,4,4,2,2,2,5,4,5,5,2,4,2,4,5,5,4,4,4,5,5,5,4,4,2,1,4,5,5,5,2,4,4,3,1,4,5,4,4,4,4,4,4,4,4,5,3,-37.810302734375,144.95440673828,-1,,315,0,0,0,0,0,0,5,4,4,3,5,3,3,4,0,3,5,"Normal","Normal","Normal",3,"Lower Normal Daytime Sleepiness",2.8,2.5,4.75,2,5,5,38,15,0,"Symptoms not consistent with ADHD",3.83333333333333,4.66666666666667,4.25,2.75,2.5,4.75,3,4.5,4,4.75,17,16,16,49
"R_6VzjNzWNaZ4nLrP","Default Response Set","Anonymous",317,"tjmac10@student.monash.edu","175.45.116.104",0,"2018-06-13 03:25:03","2018-06-13 03:55:45",1,504,2.9302325581395,1.4613195805027,1,"Male",29,"A few times per year or less",1,3,3,2,1,1,1,0,1,2,1,1,2,1,0,0,1,0,0,2,0,0,1,2,3,1,3,3,0,1,0,1,4,5,6,6,6,1,2,4,2,3,4,1,4,1,2,5,1,4,2,1,4,2,4,2,3,4,1,2,1,3,3,1,1,1,1,2,2,3,2,1,3,1,3,2,1,3,1,1,0.916,153.309,180.118,16,"paperweight","break/smash things","open a can","build fire","heat objects","hold back water","make a puzzle","pave pathway","cut rope with edge","make patterns","play jenga","build a sculpture","use as a phone","hammer nails","put on wall","","","","","","","","",,"","",,"","",,1,1.058,179.179,180.054,3,"prop phone","hold water","hammer nail","football","compass","weapon","shot glass","use lace to tie things","swat flies","tap dance","juggle","hold coins","pot plant","art feature","make ears","gloves","break things","throw at people","play catch","bird nest","mouse home","mouse trap","block sun from e","","",,,"",,,1,0,0,180.15,0,"swat flies","fuel for fire","tuck under jumper to keep warm","make paper mache","make a hat","cover your face from sun","roll tightly and make sticks","line animal enclosure","make a collage","make a costume","cover gap in doors block draft","stack to make a stool","stack to make a bedside table","wrap presents","wrap eggs","paint on","wallpaper","use in a magic trick","","","","","","","","","","","","",1,1,3,4,5,2,4,3,2,4,5,5,5,1,2,3,2,5,2,3,1,4,4,4,4,4,4,1,4,5,4,4,5,5,4,5,4,4,4,4,3,3,2,2,4,5,5,5,4,4,4,3,3,2,5,4,4,5,4,2,4,3,4,4,4,4,4,4,4,4,4,4,2,4,2,2,3,1,2,2,2,4,1,4,4,4,4,3,4,3,3,4,4,4,3,-33.822906494141,151.0078125,-1,,317,1,1,1,0,1,0,5,4,4,3,4,2,4,4,6,8,8,"Mild","Severe","Mild",13,"Moderate Excessive Daytime Sleepiness",5.4,2.25,1.5,4.25,4,1.75,23,14,4,"Symptoms highly consistent with ADHD",4,4.55555555555556,4,2.5,3,4.5,3.25,4,3.66666666666667,4,16,13,15,44
"R_2qaqzwT8Ut5yzeu","Default Response Set","Anonymous",318,"tjmac10@student.monash.edu","14.201.111.150",0,"2018-06-17 21:52:39","2018-06-20 07:37:54",1,399,2.3197674418605,1.5206431209051,1,"Female",35,"A few times per year or less",1,2,0,0,0,1,0,0,0,0,0,0,1,0,0,0,0,0,0,0,0,0,1,1,2,0,0,0,0,0,0,1,5,4,4,4,4,1,4,4,1,1,4,4,5,2,2,4,4,4,4,1,4,5,5,4,3,4,1,4,1,4,1,2,1,1,1,3,1,1,1,1,3,1,1,2,1,1,1,1,3.541,146.831,180.119,11,"plate","","","paper weight","","","coaster","","","plant stand","","","step","","","pot stand","","","chopping board","","","booster seat","",,"bookend","",,"","",,1,3.394,177.688,180.035,11,"glass","","","vase","","","pot plant","","","pencil holder","","","hat","","","collection tin","","","remote control holder","","","fascinator","","","gloves",,,"",,,1,2.76,171.488,180.064,13,"wallpaper","","","wrapping paper","","","place mat","","","pot stand","","","fire starter","","","shawl","","","toilet paper","","","toilet seat cover","","","car seat cover","","","compost","","",1,1,5,5,3,4,2,2,3,4,3,3,4,1,2,4,4,3,2,4,1,4,5,4,4,4,4,1,4,4,4,4,2,2,4,4,4,4,4,4,3,2,2,2,2,4,4,4,1,1,5,5,5,5,4,5,4,4,5,4,4,4,4,4,3,2,4,4,5,4,3,4,2,2,1,4,4,3,2,2,3,1,1,2,2,3,2,1,1,3,2,2,2,2,2,-37.75,144.96670532227,-1,,318,1,1,1,1,0,0,4,1,4,2,4,2,2,2,1,0,3,"Normal","Normal","Normal",3,"Lower Normal Daytime Sleepiness",4.2,1.75,4.25,4,4.5,2.75,22,10,4,"Symptoms highly consistent with ADHD",4.16666666666667,3.55555555555556,4,2.25,5,4.25,4.25,3.25,2.66666666666667,4.25,9,7,8,24
"R_OfhnqMkf7oezkgF","Default Response Set","Anonymous",320,"tjmac10@student.monash.edu","165.225.98.59",0,"2018-06-25 19:43:00","2018-06-25 20:07:27",1,444,2.5813953488372,1.6611495792543,1,"Female",34,"A few times per year or less",1,0,0,0,0,0,0,0,0,0,0,0,0,0,0,0,0,0,0,0,0,0,1,1,0,0,1,1,0,0,0,1,3,3,3,3,3,1,3,5,4,2,3,4,5,5,2,5,2,5,4,2,5,2,5,5,1,2,1,4,2,3,1,4,1,1,2,4,5,2,4,1,4,2,5,4,1,4,1,1,0.97,98.198,180.117,2,"bookend","doorstop","screen stand","paperweight","step-ladder","weight","sandpaper block","garden edge","stand for cars","fence","","","","","","","","","","","","","",,"","",,"","",,1,1.843,178.23,180.008,5,"bed for a small kitten","door stop","cup / shoey","measuring cup","plant holder","house for a mouse","tie things (laces)","weapon to throw","measure things with the step size","use in photos for comparison size","hang on power lines","sport, hit with a bat","throw like a ball","","","","","","","","","","","","",,,"",,,1,1.842,148.563,180.141,4,"packing paper","kitty litter","build a fort","cover windows","shredded paper for a hamster","cut holes to make a mask","mop up spills","shred and turn into a wig","smack people","confetti","paper lanterns","scrunch into a ball to play with","wrapping paper","line fish and chips","turn into a dress or outfit","create instruments like drumsticks","create dolls clothes","use in a garden bed","burn for fire","","","","","","","","","","","",1,1,2,2,2,2,2,3,3,3,1,2,3,1,2,2,2,2,2,2,1,5,4,4,4,3,5,1,5,5,5,5,5,5,5,5,4,5,3,5,5,5,2,2,4,4,4,3,4,2,4,3,3,3,2,4,2,2,4,4,4,4,4,4,2,4,4,4,5,4,5,5,1,2,1,4,1,3,2,1,2,2,1,4,4,3,4,5,5,5,4,3,4,4,3,-37.819000244141,145.15328979492,-1,,320,0,0,0,0,0,0,5,3,4,1,4,1,3,3,0,0,0,"Normal","Normal","Normal",3,"Lower Normal Daytime Sleepiness",3,1.75,2.75,3.75,5,4.5,41,14,0,"Symptoms not consistent with ADHD",4.16666666666667,5,4.25,3.5,3.25,2.5,4,3.5,3,4.25,15,19,14,48
"R_1DSWEUWGZuivKQ1","Default Response Set","Anonymous",322,"tjmac10@student.monash.edu","165.225.98.95",0,"2018-06-25 22:59:27","2018-06-26 00:18:58",1,494,2.8720930232558,1.2959361729636,1,"Female",25,"A few times per year or less",1,2,2,1,0,2,2,0,1,1,2,1,2,1,2,0,2,3,1,2,0,1,1,0,1,0,0,1,0,0,0,1,4,4,4,5,4,1,3,5,4,5,2,4,5,4,3,3,2,5,4,4,3,2,4,5,4,4,1,3,1,3,2,3,4,4,1,2,3,3,2,4,2,2,4,3,1,5,3,1,3.834,3.834,180.11,1,"House","Door Stop","Block Shoes","Small Stilts","Weights","Step","Hammer","Chair","Plant stand","","","","","","","","","","","","","","",,"","",,"","",,1,1.668,105.657,180.048,8,"cup","plant pot","door stop","glove","fly swat","mit","","","","","","","","","","","","","","","","","","","",,,"",,,1,1.621,1.621,180.088,1,"wallpaper","fly swat","didjurydoo","cage lining","paper mache","batton","paper plane","dress","matt","","","","","","","","","","","","","","","","","","","","","",1,1,3,3,2,4,2,3,3,4,3,2,3,1,2,4,4,3,3,3,1,3,4,2,3,3,3,1,4,3,4,4,4,4,4,4,4,4,5,4,3,4,4,4,2,2,2,2,4,3,4,4,3,4,4,4,4,4,5,4,4,4,4,4,4,4,4,4,5,4,3,4,2,2,3,5,5,5,2,4,3,2,1,2,3,4,3,4,4,4,4,3,3,4,4,-37.810302734375,144.95440673828,-1,,322,1,1,0,1,0,0,4,3,4,3,3,2,4,3,12,5,11,"Severe","Moderate","Moderate",2,"Lower Normal Daytime Sleepiness",4.2,4,2.75,3,4.75,4.25,30,25,3,"Symptoms not consistent with ADHD",3,3.88888888888889,4.25,3.75,3.75,4,4.25,4,3.33333333333333,4.25,12,16,14,42
"R_2zNN2J8cpauG0Mr","Default Response Set","Anonymous",324,"tjmac10@student.monash.edu","101.188.159.74",0,"2018-06-26 16:08:53","2018-06-26 17:02:26",1,434,2.5232558139535,1.4243229164883,1,"Female",27,"A few times per week",1,1,1,0,0,1,0,0,0,0,0,1,0,0,1,0,0,0,0,1,0,0,1,2,2,0,3,3,0,1,0,1,2,5,4,2,2,1,3,4,4,2,2,4,2,5,3,3,4,1,4,2,5,4,5,4,3,3,1,4,4,2,1,1,1,1,1,3,2,1,3,1,2,2,3,3,1,2,1,1,3.032,3.032,180.072,1,"wall","doorstop","platform","house","stand","paperweight","sculture","artwork","footrest","pathway","games","decoration","ruler","square","elevate something","","","","","","","","",,"","",,"","",,1,1.99,179.733,180.014,3,"pretend phone","throwing object","pen holder","plant pot","paperweight","doorstop","home for redback spiders","laces used to tie anything","dangle from electricity lines","house decoration","","","","","","","","","","","","","","","",,,"",,,1,1.72,1.72,180.08,1,"napkin","table placemat","wrapping paper","confetti","paper hats","paper aeroplanes","face mask with eye holes cut out","blanket","head rest","wedge to level unlevel chairs/tables","paper mache","megaphone","paper fan","hitting stick when rolled up","","","","","","","","","","","","","","","","",1,1,5,2,2,2,2,3,3,2,4,1,3,1,2,2,3,3,1,3,1,5,4,4,5,2,4,1,5,2,5,4,2,4,3,4,4,3,3,3,4,4,4,4,4,3,4,4,2,3,3,4,4,3,4,4,4,5,4,2,3,3,4,4,5,4,3,3,4,4,3,4,1,3,2,3,2,2,1,4,2,2,1,3,5,5,4,4,4,3,4,4,4,4,4,-37.733306884766,145.14999389648,-1,,324,1,0,0,0,0,0,4,2,4,4,4,2,3,4,1,2,3,"Normal","Normal","Normal",11,"Mild Excessive Daytime Sleepiness",3,2.5,3.75,3.25,3,4.25,25,14,1,"Symptoms not consistent with ADHD",4,3.66666666666667,3.25,4,3.5,4.25,3,4.25,4,3.5,17,15,16,48
"R_3oZ3AgZkq80FHdw","Default Response Set","Anonymous",323,"tjmac10@student.monash.edu","101.188.134.117",0,"2018-06-27 04:14:29","2018-06-27 04:43:02",1,462,2.6860465116279,1.5876837953703,1,"Male",30,"I have never practiced mindfulness",1,0,2,0,0,1,2,0,1,2,2,1,0,0,3,0,0,0,0,0,0,0,1,1,1,0,1,3,0,0,0,1,3,5,5,3,4,1,3,4,2,1,2,4,5,2,1,3,2,4,4,4,5,5,5,5,2,1,1,4,2,5,3,3,3,1,1,4,4,2,3,1,3,2,4,4,1,2,1,1,5.326,5.326,180.093,1,"Brick Wall","Grindstone","Lighting up Fire","Stepping Stone","Creating stairs","Brick House","Brick Flooring (Exterior)","Brick Fence","Brick Ottoman","Brick Archway","Bridge","Foundation of House","\Hipster\ Bathroom","Warehouse","Cafe","","","","","","","","",,"","",,"","",,1,1.151,1.151,180.059,1,"Shoe rack","For Work","For Runways","For Casual","Parties","Tap Dancing","Fashion","Keep toes warm","Prevent feet from getting damaged","Shoes for Pets","","","","","","","","","","","","","","","",,,"",,,1,1.485,1.485,180.018,1,"Reading current affairs","Material for bonfire","Folding Boats","Using as origami paper","Fly Swatter!","Safety wrap for Fragile goods","Crosswords","Jokes and Short Stories","Becoming more knowledgable","Sell for money","Weights (Stacking 100's)","Step ladder","Laid out to avoid dirtying other goods","","","","","","","","","","","","","","","","","",1,1,2,1,3,3,2,2,3,4,3,2,4,1,1,1,4,2,2,3,1,5,3,4,4,2,3,1,3,2,3,3,4,3,5,5,2,5,5,2,2,4,3,3,4,2,2,2,2,4,5,5,5,5,5,5,5,5,4,2,5,2,5,5,4,5,4,3,4,4,4,5,3,3,1,5,3,2,1,4,1,4,1,4,4,5,4,3,4,3,5,5,4,4,3,-37.850006103516,145.14999389648,-1,,323,0,0,1,0,0,0,5,4,5,5,5,1,2,1,3,4,7,"Normal","Mild","Normal",6,"Higher Normal Daytime Sleepiness",4,2,3.5,2.75,4.5,3.25,36,17,1,"Symptoms not consistent with ADHD",3.5,3.66666666666667,3.5,3,5,5,3.25,4.75,5,3.75,17,15,16,48
"R_1dn1iMTIlrsDQhD","Default Response Set","Anonymous",319,"tjmac10@student.monash.edu","144.136.175.141",0,"2018-07-02 23:09:19","2018-07-02 23:29:55",1,484,2.8139534883721,1.5710214050528,1,"Female",28,"A few times per month",1,1,0,0,1,1,1,0,0,0,0,0,1,0,0,0,0,0,0,1,0,0,1,1,2,0,1,2,0,0,0,1,3,3,3,2,4,1,4,4,3,2,3,4,5,5,3,5,4,4,3,2,4,4,4,4,2,4,1,4,1,3,1,4,2,2,1,4,4,1,3,1,4,3,4,3,1,3,1,1,1.178,16.464,180.101,3,"doorstop","blunt instrument for a weapon","paperweight","plate","to hold and radiate heat","hat","shoe sole","TV stand","to indicate lanes or lines on the road","","","","","","","","","","","","","","",,"","",,"","",,1,1.104,173.931,180.073,3,"hat","necklace","bug killer","glove","musical instrument","baton for a relay race","prop for rhythmic gymnastics","christmas tree ornament","decorative item for powerlines","weapon (stiletto)","weapon (smelly shoe)","","","","","","","","","","","","","","",,,"",,,1,1.487,1.487,180.088,1,"window curtains","cleaning material (in place of a cloth)","scrapbooking item","use clippings to write anonymous letters","weapon (curled up to hit people on the nose)","papier mache","clothing material","drop sheet (e.g. when painting the house)","kitty litter tray lining","Fire kindling","olympic torch","light on fire to light birthday candles without burning hands","","","","","","","","","","","","","","","","","","",1,1,2,2,2,3,2,1,3,3,2,2,3,1,2,3,2,3,1,3,1,4,3,3,3,4,4,1,5,4,4,5,5,5,5,5,4,4,5,5,4,4,4,3,5,5,5,5,4,4,4,4,4,4,4,5,5,5,5,4,5,4,5,4,4,5,2,5,5,5,4,4,3,4,3,4,4,4,3,4,3,4,1,4,4,4,3,3,3,2,3,3,4,4,3,-37.841598510742,145.01440429688,-1,,319,0,0,0,0,0,0,5,3,4,5,5,4,4,4,1,2,3,"Normal","Normal","Normal",6,"Higher Normal Daytime Sleepiness",3,2.25,4,4,4.25,3.75,36,14,0,"Symptoms not consistent with ADHD",3.5,4.77777777777778,4.5,3.75,4,4.75,4.5,4.5,5,4.25,15,11,14,40
